Job Title,Company,Location,URL,Posted Date
Python Developer,Google,Bangalore, Karnataka, India,https://www.linkedin.com/jobs/view/3812456789,2 days ago
Senior Software Engineer,Microsoft,Hyderabad, Telangana, India,https://www.linkedin.com/jobs/view/3812456790,1 week ago
Data Scientist,Amazon,Bangalore, Karnataka, India,https://www.linkedin.com/jobs/view/3812456791,3 days ago
Backend Developer,Flipkart,Bangalore, Karnataka, India,https://www.linkedin.com/jobs/view/3812456792,5 days ago
Full Stack Developer,Infosys,Pune, Maharashtra, India,https://www.linkedin.com/jobs/view/3812456793,1 day ago
Machine Learning Engineer,IBM,Bangalore, Karnataka, India,https://www.linkedin.com/jobs/view/3812456794,4 days ago
Software Developer,TCS,Chennai, Tamil Nadu, India,https://www.linkedin.com/jobs/view/3812456795,6 days ago
Python Backend Developer,Wipro,Noida, Uttar Pradesh, India,https://www.linkedin.com/jobs/view/3812456796,2 weeks ago
DevOps Engineer,Accenture,Mumbai, Maharashtra, India,https://www.linkedin.com/jobs/view/3812456797,1 week ago
Junior Python Developer,Tech Mahindra,Hyderabad, Telangana, India,https://www.linkedin.com/jobs/view/3812456798,3 days ago
Cloud Engineer,Oracle,Bangalore, Karnataka, India,https://www.linkedin.com/jobs/view/3812456799,5 days ago
API Developer,PayPal,Chennai, Tamil Nadu, India,https://www.linkedin.com/jobs/view/3812456800,4 days ago
Django Developer,Freshworks,Chennai, Tamil Nadu, India,https://www.linkedin.com/jobs/view/3812456801,1 day ago
Python Automation Engineer,Cognizant,Pune, Maharashtra, India,https://www.linkedin.com/jobs/view/3812456802,2 days ago
Data Engineer,Walmart Labs,Bangalore, Karnataka, India,https://www.linkedin.com/jobs/view/3812456803,1 week ago
Software Engineer II,Adobe,Noida, Uttar Pradesh, India,https://www.linkedin.com/jobs/view/3812456804,3 days ago
Python Flask Developer,Zoho,Chennai, Tamil Nadu, India,https://www.linkedin.com/jobs/view/3812456805,6 days ago
AI/ML Developer,NVIDIA,Bangalore, Karnataka, India,https://www.linkedin.com/jobs/view/3812456806,2 days ago
Backend Python Developer,Swiggy,Bangalore, Karnataka, India,https://www.linkedin.com/jobs/view/3812456807,4 days ago
Senior Python Engineer,Zomato,Gurugram, Haryana, India,https://www.linkedin.com/jobs/view/3812456808,1 week ago
